{"type": "SVM", "min_dcf": 0.1754672299027138, "act_dcf": 0.42162698412698413, "C": 31.622776601683793, "mode": "Kernel RBF", "gamma": 0.1353352832366127, "Centered": false}